arm	filename	before	after
v2d	synthetic_bilingual_020.png	استحضاار	استحضار
v2d	synthetic_bilingual_032.png	استحضاار	استحضار
v2b	synthetic_fa_003.png	پروژه	پروره
v2b	synthetic_fa_004.png	پروژه	پروره
v2b	synthetic_fa_006.png	پروژه	پروره
v2b	synthetic_fa_008.png	رضاى	رضاب
v2b	synthetic_fa_009.png	پروژه	پروره
v2b	synthetic_fa_012.png	پروژه	پروره
v2b	synthetic_fa_015.png	پروژه	پروره
v2b	synthetic_fa_016.png	پروژه	پروره
v2b	synthetic_fa_018.png	پروژه	پروره
v2b	synthetic_bilingual_020.png	استحضاار	استحضار
v2b	synthetic_bilingual_025.png	سهامه	شهامه
v2b	synthetic_bilingual_026.png	پروژه	پروره
v2b	synthetic_bilingual_026.png	پروژه	پروره
v2b	synthetic_bilingual_028.png	پیشابیش	پیشاپیش
v2b	synthetic_bilingual_032.png	استحضاار	استحضار
v2b	synthetic_bilingual_034.png	پروژه	پروره
v2b	synthetic_bilingual_034.png	پیشایی	پیشانی
v2a	synthetic_fa_003.png	آید.	آبد.
v2a	synthetic_fa_003.png	پروژه	پروره
v2a	synthetic_fa_004.png	پروژه	پروره
v2a	synthetic_fa_006.png	آید.	آبد.
v2a	synthetic_fa_006.png	پروژه	پروره
v2a	synthetic_fa_008.png	رضاى	رضاب
v2a	synthetic_fa_009.png	آید.	آبد.
v2a	synthetic_fa_009.png	پروژه	پروره
v2a	synthetic_fa_012.png	آید.	آبد.
v2a	synthetic_fa_012.png	پروژه	پروره
v2a	synthetic_fa_015.png	آید.	آبد.
v2a	synthetic_fa_015.png	پروژه	پروره
v2a	synthetic_fa_016.png	پروژه	پروره
v2a	synthetic_fa_018.png	آید.	آبد.
v2a	synthetic_fa_018.png	پروژه	پروره
v2a	synthetic_bilingual_020.png	استحضاار	استحضار
v2a	synthetic_bilingual_021.png	آید.	آبد.
v2a	synthetic_bilingual_022.png	پروزه	بروزه
v2a	synthetic_bilingual_024.png	آید.	آبد.
v2a	synthetic_bilingual_025.png	سهامه	شهامه
v2a	synthetic_bilingual_026.png	پروژه	پروره
v2a	synthetic_bilingual_026.png	پروژه	پروره
v2a	synthetic_bilingual_027.png	آید.	آبد.
v2a	synthetic_bilingual_028.png	پیشابیش	پیشاپیش
v2a	synthetic_bilingual_030.png	آید.	آبد.
v2a	synthetic_bilingual_032.png	استحضاار	استحضار
v2a	synthetic_bilingual_033.png	آید.	آبد.
v2a	synthetic_bilingual_034.png	پروژه	پروره
v2a	synthetic_bilingual_034.png	پیشایی	پیشانی
v2a	synthetic_bilingual_036.png	آید.	آبد.
